State,City,Service,Count,EditionYear,Comments
Alabama,Birmingham,Hotel,3,1950,
Alabama,Gadsden,Tourist Home,2,1950,
Alabama,Mobile,Hotel,1,1950,
Alabama,Mobile,Tourist Home,4,1950,1 is ad
Alabama,Montgomery,Hotel,1,1950,
Alabama,Montgomery,Restaurant,1,1950,
Alabama,Montgomery,Tavern,1,1950,
Alabama,Sheffield,Hotel,1,1950,
Alabama,Sheffield,Tourist Home,1,1950,
Alabama,Tuscaloosa,Tourist Home,2,1950,Spelled: Tuscalooso
Arkansas,Arkadelphia,Hotel,1,1950,
Arkansas,Arkadelphia,Tourist Home,2,1950,
Arkansas,Arkadelphia,Restaurant,2,1950,
Arkansas,Arkadelphia,Barber Shop,2,1950,
Arkansas,Brinkley,Tourist Home,1,1950,
Arkansas,El Dorado,Hotel,2,1950,
Arkansas,El Dorado,Tourist Home,2,1950,
Arkansas,Fayetteville,Hotel,1,1950,
Arkansas,Fayetteville,Tourist Home,2,1950,
Arkansas,Fort Smith,Hotel,1,1950,
Arkansas,Fort Smith,Tourist Home,1,1950,
Arkansas,Hope,Hotel,1,1950,
Arkansas,Hope,Restaurant,1,1950,
Arkansas,Hope,Beauty Parlor,1,1950,
Arkansas,Hope,Barber Shop,1,1950,
Arkansas,Hope,Service Station,1,1950,
Arkansas,Hope,Garage,1,1950,
Arkansas,Hope,Road House,1,1950,
Arkansas,Hot Springs,Hotel,3,1950,
Arkansas,Hot Springs,Tourist Home,5,1950,
Arkansas,Hot Springs,School of Beauty Culture,1,1950,
Arkansas,Hot Springs,Sanitarium,1,1950,
Arkansas,Little Rock,Hotel,6,1950,
Arkansas,Little Rock,Tourist Home,2,1950,
Arkansas,Little Rock,Restaurant,10,1950,
Arkansas,Little Rock,Beauty Parlor,8,1950,
Arkansas,Little Rock,Night Club,2,1950,
Arkansas,Little Rock,Barber Shop,8,1950,
Arkansas,Little Rock,Tavern,1,1950,
Arkansas,Little Rock,Liquor Store,3,1950,
Arkansas,Little Rock,Garage,2,1950,Garage category listed twice
Arkansas,Little Rock,Tailor,5,1950,
Arkansas,Little Rock,Service Station,4,1950,
Arkansas,Little Rock,Drug Store,2,1950,
Arkansas,North Little Rock,Hotel,1,1950,
Arkansas,North Little Rock,Tourist Home,1,1950,
Arkansas,North Little Rock,Restaurant,3,1950,
Arkansas,North Little Rock,Road House,1,1950,
Arkansas,Camden,Tourist Home,2,1950,
Arkansas,Camden,Restaurant,1,1950,
Arkansas,Camden,Tavern,3,1950,
Arkansas,Camden,Liquor Store,1,1950,
Arkansas,South Camden,Road House,1,1950,
Arkansas,Pine Bluff,Hotel,1,1950,
Arkansas,Pine Bluff,Tourist Home,1,1950,
Arkansas,Pine Bluff,Restaurant,2,1950,
Arkansas,Pine Bluff,Barber Shop,1,1950,
Arkansas,Pine Bluff,Beauty Parlor,1,1950,
Arkansas,Pine Bluff,School of Beauty Culture,2,1950,
Arkansas,Pine Bluff,Garage,1,1950,
Arkansas,Fordyse,Restaurant,1,1950,
Arkansas,Helena,Service Station,1,1950,
Arkansas,Russellville,Tourist Home,1,1950,
Arkansas,Texarkana,Hotel,1,1950,
Arkansas,Texarkana,Tourist Home,1,1950,
Arkansas,Texarkana,Restaurant,1,1950,
Arkansas,Texarkana,Beauty Parlor,1,1950,
Arizona,Douglas,Tourist Home,1,1950,
Arizona,Douglas,Restaurant,1,1950,
Arizona,Nogales,Restaurant,1,1950,
Arizona,Phoenix,Hotel,1,1950,
Arizona,Phoenix,Tourist Home,3,1950,
Arizona,Phoenix,Restaurant,2,1950,
Arizona,Phoenix,Beauty Parlor,3,1950,
Arizona,Phoenix,Barber Shop,2,1950,
Arizona,Phoenix,Tavern,1,1950,
Arizona,Phoenix,Night Club,1,1950,
Arizona,Phoenix,Service Station,1,1950,
Arizona,Phoenix,Garage,1,1950,
Arizona,Phoenix,Drug Store,1,1950,
Arizona,Tucson,Tourist Home,1,1950,
Arizona,Yuma,Hotel,1,1950,
Arizona,Yuma,Tourist Home,1,1950,
California,Berkley,Beauty Parlor,1,1950,
California,Berkley,Barber Shop,1,1950,
California,El Centro,Hotel,1,1950,
California,El Centro,Tourist Home,1,1950,
California,El Centro,Restaurant,1,1950,
California,Fresno,Tourist Home,1,1950,
California,Fresno,Restaurant,3,1950,
California,Fresno,Beauty Parlor,3,1950,
California,Fresno,Barber Shop,4,1950,
California,Fresno,Tavern,1,1950,
California,Fresno,Garage,2,1950,
California,Fresno,Trailer Park,1,1950,
California,Fresno,Tailor,1,1950,
California,Imperial,Tourist Home,1,1950,
California,Los Angeles,Hotel,12,1950,
California,Los Angeles,Motel,5,1950,
California,Los Angeles,Restaurant,12,1950,
California,Los Angeles,Beauty Parlor,8,1950,
California,Los Angeles,Barber Shop,3,1950,
California,Los Angeles,Tavern,7,1950,
California,Los Angeles,Night Club,7,1950,
California,Los Angeles,Road House,1,1950,
California,Los Angeles,Liquor Store,5,1950,
California,Los Angeles,Service Station,12,1950,
California,Los Angeles,Garage,2,1950,
California,Los Angeles,Automotive,2,1950,
California,Los Angeles,Drug Store,5,1950,
California,Los Angeles,Tailor,4,1950,
California,Los Angeles,Real Estate,1,1950,
California,Elsinore,Hotel,1,1950,
California,Hollywood,Tourist Home,1,1950,
California,Needles,Motel,1,1950,
California,Oakland,Hotel,2,1950,
California,Oakland,Tourist Home,2,1950,
California,Oakland,Restaurant,1,1950,
California,Oakland,Beauty Parlor,1,1950,
California,Oakland,Tavern,2,1950,
California,Oakland,Service Station,3,1950,
California,Oakland,Tailor,1,1950,
California,Oakland,Garage,1,1950,
California,Perris,Tourist Home,1,1950,
California,Pasadena,Service Station,2,1950,
California,Sacramento,Hotel,1,1950,
California,San Diego,Hotel,3,1950,
California,San Diego,Restaurant,2,1950,
California,San Diego,Service Station,4,1950,
California,San Diego,Liquor Store,1,1950,
California,San Diego,Tailor,4,1950,
California,San Francisco,Hotel,8,1950,
California,San Francisco,Barber Shop,1,1950,
California,San Francisco,Tourist Home,2,1950,
California,San Francisco,Restaurant,2,1950,
California,San Francisco,Beauty Parlor,2,1950,
California,San Francisco,Tavern,1,1950,
California,San Francisco,Night Club,4,1950,
California,San Francisco,Drug Store,3,1950,
California,San Francisco,Liquor Store,2,1950,
California,Santa Monica,Tavern,1,1950,
California,Tulare,Tourist Home,1,1950,
California,Tulare,Tavern,1,1950,
California,Vallejo,Tavern,1,1950,
California,Victorville,Tourist Home,1,1950,
Colorado,Colorado Springs,Tourist Home,4,1950,
Colorado,Denver,Hotel,1,1950,
Colorado,Denver,Tourist Home,5,1950,Tourist Homes category listed twice
Colorado,Denver,Restaurant,13,1950,Restaurants category listed twice
Colorado,Denver,Beauty Parlor,3,1950,
Colorado,Denver,Barber Shop,3,1950,
Colorado,Denver,Tavern,3,1950,
Colorado,Denver,Liquor Store,3,1950,
Colorado,Denver,Service Station,3,1950,
Colorado,Denver,Taxi Cab,1,1950,
Colorado,Denver,Drug Store,4,1950,
Colorado,Denver,Tailor,4,1950,
Colorado,Greenley,Tourist Home,1,1950,
Colorado,La Junta,Tourist Home,3,1950,
Colorado,La Mar,Hotel,1,1950,
Colorado,La Mar,Restaurant,2,1950,
Colorado,Montrose,Hotel,1,1950,
Colorado,Montrose,Tourist Home,1,1950,
Colorado,Montrose,Restaurant,1,1950,
Colorado,Montrose,Beauty Parlor,1,1950,
Colorado,Montrose,Service Station,1,1950,
Colorado,Montrose,Garage,1,1950,
Colorado,Pueblo,Hotel,1,1950,
Colorado,Pueblo,Tourist Home,2,1950,
Colorado,Trinidad,Tourist Home,1,1950,
Connecticut,Bridgeport,Hotel,1,1950,
Connecticut,Bridgeport,Tourist Home,1,1950,
Connecticut,Bridgeport,Garage,1,1950,
Connecticut,Hartford,Hotel,1,1950,
Connecticut,Hartford,Tourist Home,1,1950,
Connecticut,Hartford,Beauty Parlor,1,1950,
Connecticut,Hartford,Barber Shop,1,1950,
Connecticut,Hartford,Drug Store,1,1950,
Connecticut,Hartford,Liquor Store,5,1950,
Connecticut,Hartford,Tavern,3,1950,
Connecticut,Hartford,Service Station,3,1950,
Connecticut,Meriden,Restaurant,1,1950,
Connecticut,New Haven,Hotel,1,1950,
Connecticut,New Haven,Tourist Home,2,1950,
Connecticut,New Haven,Restaurant,2,1950,
Connecticut,New Haven,Beauty Parlor,5,1950,
Connecticut,New Haven,School of Beauty Culture,1,1950,
Connecticut,New Haven,Night Club,2,1950,
Connecticut,New Haven,Liquor Store,1,1950,
Connecticut,New Haven,Drug Store,1,1950,
Connecticut,New London,Tourist Home,2,1950,
Connecticut,Stamford,Hotel,1,1950,
Connecticut,Stamford,Tourist Home,1,1950,
Connecticut,Stamford,Night Club,1,1950,
Connecticut,Waterbury,Hotel,1,1950,
Connecticut,Waterbury,Tourist Home,2,1950,
Connecticut,Waterbury,Drug Store,2,1950,
Connecticut,Waterbury,Tailor,1,1950,
Connecticut,West Haven,Hotel,2,1950,
Connecticut,West Haven,Tavern,1,1950,
Delaware,Dover,Hotel,3,1950,
Delaware,Laurel,Restaurant,1,1950,
Delaware,Laurel,Barber Shop,1,1950,
Delaware,Laurel,Beauty Parlor,1,1950,
Delaware,Townsend,Hotel,1,1950,
Delaware,Townsend,Garage,1,1950,
Delaware,Wilmington,Hotel,3,1950,
Delaware,Wilmington,Tourist Home,2,1950,
Delaware,Wilmington,Restaurant,1,1950,
Delaware,Wilmington,Beauty Parlor,1,1950,
Delaware,Wilmington,Barber Shop,1,1950,
Delaware,Wilmington,Night Club,1,1950,
Delaware,Wilmington,Service Station,1,1950,
District of Columbia,Washington,Hotel,7,1950,
District of Columbia,Washington,Tourist Home,15,1950,
District of Columbia,Washington,Tavern,7,1950,
District of Columbia,Washington,Restaurant,12,1950,
District of Columbia,Washington,Liquor Store,5,1950,
District of Columbia,Washington,Barber Shop,1,1950,
District of Columbia,Washington,Beauty Parlor,9,1950,
District of Columbia,Washington,Night Club,3,1950,
District of Columbia,Washington,Service Station,2,1950,
District of Columbia,Washington,Drug Store,1,1950,
District of Columbia,Washington,Tailor,1,1950,
Florida,Daytona Beach,Tourist Home,1,1950,
Florida,Daytona Beach,Restaurant,1,1950,
Florida,Daytona Beach,Liquor Store,1,1950,
Florida,Daytona Beach,Service Station,1,1950,
Florida,Delray Beach,Tavern,1,1950,
Florida,Fort Lauderdale,Hotel,1,1950,
Florida,Jacksonville,Hotel,2,1950,
Florida,Jacksonville,Tourist Home,6,1950,
Florida,Jacksonville,Night Club,3,1950,
Florida,Jacksonville,Barber Shop,1,1950,
Florida,Jacksonville,Restaurant,3,1950,
Florida,Jacksonville,Drug Store,2,1950,
Florida,Lake City,Tourist Home,2,1950,
Florida,Lake City,Restaurant,1,1950,
Florida,Lake City,Barber Shop,1,1950,
Florida,Lake City,Beauty Parlor,1,1950,
Florida,Lake City,Service Station,1,1950,
Florida,Lake City,Garage,1,1950,
Florida,Lakeland,Tourist Home,2,1950,
Florida,Miami,Hotel,2,1950,
Florida,Miami,Beauty Parlor,4,1950,
Florida,Miami,School of Beauty Culture,1,1950,
Florida,Miami,Tavern,1,1950,
Florida,Miami,Liquor Store,3,1950,
Florida,Miami,Tailor,1,1950,
Florida,Miami,Taxi Cab,1,1950,
Florida,Orlando,Hotel,1,1950,
Florida,Pensacola,Restaurant,1,1950,
Florida,Pensacola,Tailor,2,1950,
Florida,Pensacola,Drug Store,1,1950,
Florida,Pensacola,Liquor Store,1,1950,
Florida,Sebring,Restaurant,1,1950,
Florida,South Jacksonville,Restaurant,1,1950,
Florida,St. Augustine,Tourist Home,2,1950,
Florida,Tampa,Hotel,4,1950,
Florida,Tampa,Restaurant,2,1950,
Florida,Tampa,Tavern,7,1950,
Florida,Tampa,Tailor,3,1950,
Florida,Tampa,Drug Store,2,1950,
Florida,Tampa,Liquor Store,2,1950,
Florida,Tampa,Night Club,1,1950,
Florida,Tampa,Garage,1,1950,
Georgia,Adrian,Tourist Home,1,1950,
Georgia,Albany,Tourist Home,3,1950,
Georgia,Atlanta,Hotel,6,1950,
Georgia,Atlanta,Tourist Home,1,1950,
Georgia,Atlanta,Restaurant,4,1950,
Georgia,Atlanta,Tavern,3,1950,
Georgia,Atlanta,Beauty Parlor,2,1950,
Georgia,Atlanta,Barber Shop,3,1950,
Georgia,Atlanta,Night Club,3,1950,
Georgia,Atlanta,Service Station,2,1950,
Georgia,Atlanta,Garage,1,1950,
Georgia,Atlanta,Taxi Cab,3,1950,
Georgia,Atlanta,Tailor,2,1950,
Georgia,Augusta,Hotel,2,1950,
Georgia,Augusta,Tourist Home,1,1950,
Georgia,Augusta,Liquor Store,1,1950,
Georgia,Brunswick,Tourist Home,2,1950,
Georgia,Brunswick,Restaurant,2,1950,
Georgia,Brunswick,Barber Shop,2,1950,
Georgia,Brunswick,Beauty Parlor,1,1950,
Georgia,Brunswick,Garage,1,1950,
Georgia,Brunswick,Tavern,1,1950,
Georgia,Brunswick,Taxi Cab,2,1950,
Georgia,Columbus,Hotel,2,1950,
Georgia,Columbus,Restaurant,1,1950,
Georgia,Columbus,Beauty Parlor,1,1950,
Georgia,Columbus,Barber Shop,1,1950,
Georgia,Columbus,Night Club,1,1950,
Georgia,Columbus,Garage,1,1950,
Georgia,Douglas,Hotel,1,1950,
Georgia,Douglas,Tourist Home,1,1950,
Georgia,Douglas,Restaurant,1,1950,
Georgia,Douglas,Barber Shop,1,1950,
Georgia,Douglas,Beauty Parlor,1,1950,
Georgia,Douglas,Service Station,1,1950,
Georgia,Douglas,Garage,1,1950,
Georgia,Douglas,Tavern,1,1950,
Georgia,Douglas,Road House,1,1950,
Georgia,Dublin,Tourist Home,3,1950,
Georgia,Eastman,Tourist Home,1,1950,
Georgia,Macon,Hotel,2,1950,
Georgia,Macon,Tourist Home,2,1950,
Georgia,Macon,Restaurant,4,1950,
Georgia,Macon,Beauty Parlor,3,1950,
Georgia,Macon,Tailor,2,1950,
Georgia,Macon,Service Station,1,1950,
Georgia,Savannah,Restaurant,1,1950,
Georgia,Savannah,Beauty Parlor,1,1950,
Georgia,Savannah,Service Station,1,1950,
Georgia,Savannah,Drug Store,1,1950,
Georgia,Savannah,Trailer Park,1,1950,
Georgia,Statesboro,Tourist Home,1,1950,Ad
Georgia,Way Cross,Hotel,1,1950,
Georgia,Way Cross,Tourist Home,2,1950,
Georgia,Way Cross,Restaurant,1,1950,
Georgia,Way Cross,Barber Shop,1,1950,
Georgia,Way Cross,Service Station,1,1950,
Idaho,Boise,Hotel,1,1950,
Idaho,Boise,Tourist Home,2,1950,
Idaho,Boise,Restaurant,1,1950,
Idaho,Pocatello,Tourist Home,2,1950,
Illinois,Chicago,Hotel,21,1950,
Illinois,Chicago,Tourist Home,3,1950,
Illinois,Chicago,Restaurant,8,1950,
Illinois,Chicago,Beauty Parlor,1,1950,
Illinois,Chicago,Barber Shop,1,1950,
Illinois,Chicago,Tavern,3,1950,
Illinois,Chicago,Night Club,3,1950,
Illinois,Chicago,Service Station,4,1950,
Illinois,Chicago,Garage,1,1950,
Illinois,Chicago,Automotive,1,1950,
Illinois,Chicago,Drug Store,2,1950,
Illinois,Chicago,Liquor Store,1,1950,
Illinois,Centralia,Tourist Home,1,1950,
Illinois,Centralia,Beauty Parlor,1,1950,
Illinois,Centralia,Barber Shop,1,1950,
Illinois,Centralia,Service Station,1,1950,
Illinois,Danville,Hotel,1,1950,
Illinois,East St. Louis,Tourist Home,2,1950,
Illinois,East St. Louis,Night Club,1,1950,
Illinois,Peoria,Tourist Home,1,1950,
Illinois,Peoria,Beauty Parlor,1,1950,
Illinois,Peoria,Barber Shop,1,1950,
Illinois,Peoria,Night Club,1,1950,
Illinois,Sparta,Hotel,1,1950,
Illinois,Springfield,Hotel,1,1950,
Illinois,Springfield,Tourist Home,5,1950,
Illinois,Ottawa,Tourist Home,1,1950,
Illinois,Rockford,Hotel,1,1950,
Illinois,Rockford,Tourist Home,3,1950,
Indiana,Anderson,Tavern,1,1950,
Indiana,Elkhart,Tourist Home,1,1950,
Indiana,Evansville,Tourist Home,4,1950,
Indiana,Fort Wayne,Restaurant,3,1950,
Indiana,Fort Wayne,Tourist Home,1,1950,
Indiana,Fort Wayne,Barber Shop,1,1950,
Indiana,Fort Wayne,Beauty Parlor,1,1950,
Indiana,Gary,Hotel,2,1950,
Indiana,Gary,Drug Store,1,1950,
Indiana,Gary,Beauty Parlor,1,1950,
Indiana,Gary,Dry Cleaning,3,1950,
Indiana,French Lick,Hotel,1,1950,
Indiana,Indianapolis,Hotel,6,1950,
Indiana,Indianapolis,Restaurant,15,1950,
Indiana,Indianapolis,Beauty Parlor,9,1950,
Indiana,Indianapolis,Tavern,12,1950,Tavern category listed twice
Indiana,Indianapolis,Service Station,2,1950,
Indiana,Indianapolis,Garage,1,1950,
Indiana,Indianapolis,Drug Store,2,1950,
Indiana,Indianapolis,Tailor,8,1950,
Indiana,Indianapolis,Liquor Store,8,1950,
Indiana,Indianapolis,Night Club,3,1950,
Indiana,Indianapolis,Taxi Cab,1,1950,
Indiana,Jeffersonville,Tourist Home,2,1950,
Indiana,Marion,Restaurant,1,1950,
Indiana,Marion,Tourist Home,2,1950,
Indiana,Marion,Drive In,1,1950,
Indiana,Marion,Service Station,1,1950,
Indiana,Kokomo,Tourist Home,3,1950,
Indiana,Lafayette,Tavern,1,1950,
Indiana,Michigan City,Tourist Home,1,1950,
Indiana,Muncie,Hotel,1,1950,
Indiana,Naptown,Hotel,1,1950,
Indiana,South Bend,Restaurant,1,1950,
Indiana,Terre Haute,Hotel,1,1950,
Indiana,West Baden Springs,Hotel,1,1950,
Indiana,Evansville,Tourist Home,1,1950,
Iowa,Cedar Rapids,Tourist Home,2,1950,
Iowa,Des Moines,Hotel,2,1950,
Iowa,Des Moines,Restaurant,13,1950,
Iowa,Des Moines,Beauty Parlor,9,1950,
Iowa,Des Moines,Tavern,1,1950,
Iowa,Des Moines,Service Station,2,1950,
Iowa,Des Moines,Garage,1,1950,
Iowa,Des Moines,Automotive,1,1950,
Iowa,Des Moines,Tailor,2,1950,
Iowa,Des Moines,Drug Store,1,1950,
Iowa,Dubuque,Tourist Home,2,1950,
Iowa,Ottumwa,Tourist Home,4,1950,
Iowa,Sioux City,Restaurant,1,1950,
Iowa,Sioux City,Beauty Parlor,1,1950,
Iowa,Waterloo,Tourist Home,3,1950,
Kansas,Atchison,Tourist Home,1,1950,
Kansas,Atchison,Night Club,1,1950,
Kansas,Atchison,Drug Store,1,1950,
Kansas,Bethel,Country Club,1,1950,
Kansas,Bogue,Tourist Home,1,1950,
Kansas,Coffeyville,Tourist Home,1,1950,
Kansas,Concordia,Tourist Home,2,1950,
Kansas,Emporia,Tourist Home,1,1950,
Kansas,Edwardsville,Tourist Home,1,1950,
Kansas,Fort Scott,Hotel,1,1950,
Kansas,Fort Scott,Tourist Home,1,1950,
Kansas,Hiawatha,Tourist Home,1,1950,
Kansas,Hutchinson,Tourist Home,1,1950,
Kansas,Junction City,Hotel,1,1950,
Kansas,Junction City,Tourist Home,1,1950,
Kansas,Larned,Tourist Home,3,1950,
Kansas,Larned,Restaurant,1,1950,
Kansas,Larned,Beauty Parlor,1,1950,
Kansas,Laurence,Hotel,1,1950,
Kansas,Leavenworth,Tourist Home,2,1950,
Kansas,Kansas City,Barber Shop,1,1950,
Kansas,Kansas City,Beauty Parlor,1,1950,
Kansas,Kansas City,Restaurant,3,1950,
Kansas,Kansas City,Road House,1,1950,
Kansas,Kansas City,Night Club,2,1950,
Kansas,Kansas City,Garage,2,1950,
Kansas,Kansas City,Drug Store,2,1950,
Kansas,Manhattan,Tourist Home,2,1950,
Kansas,Ottawa,Tourist Home,1,1950,
Kansas,Parsons,Tourist Home,1,1950,
Kansas,Topeka,Hotel,1,1950,
Kansas,Topeka,Tourist Home,1,1950,
Kansas,Topeka,Restaurant,3,1950,
Kansas,Topeka,Barber Shop,2,1950,
Kansas,Topeka,Beauty Parlor,2,1950,
Kansas,Topeka,Tavern,2,1950,
Kansas,Topeka,Service Station,1,1950,
Kansas,Topeka,Garage,1,1950,
Kansas,Wichita,Hotel,1,1950,
Kansas,Wichita,Beauty Parlor,1,1950,
Kansas,Wichita,Restaurant,1,1950,
Kansas,Wichita,Drug Store,1,1950,
Kentucky,Bowling Green,Hotel,1,1950,
Kentucky,Elizabethtown,Tourist Home,3,1950,
Kentucky,Hazard,Tourist Home,1,1950,
Kentucky,Hopkinsville,Tourist Home,3,1950,
Kentucky,Lancaster,Tourist Home,2,1950,
Kentucky,Lancaster,Restaurant,1,1950,
Kentucky,Lancaster,Barber Shop,1,1950,
Kentucky,Lancaster,Beauty Parlor,1,1950,
Kentucky,Lancaster,Garage,1,1950,
Kentucky,Lexington,Night Club,1,1950,
Kentucky,Lincoln Ridge,Tourist Home,1,1950,
Kentucky,Louisville,Hotel,3,1950,
Kentucky,Louisville,Tourist Home,1,1950,
Kentucky,Louisville,Restaurant,14,1950,
Kentucky,Louisville,Beauty Parlor,9,1950,
Kentucky,Louisville,Barber Shop,2,1950,
Kentucky,Louisville,Tavern,3,1950,
Kentucky,Louisville,Night Club,1,1950,
Kentucky,Louisville,Road House,1,1950,
Kentucky,Louisville,Liquor Store,2,1950,
Kentucky,Louisville,Garage,2,1950,
Kentucky,Louisville,Service Station,1,1950,
Kentucky,Louisville,Drug Store,1,1950,
Kentucky,Louisville,Taxi Cab,2,1950,
Kentucky,Paris,Tourist Home,1,1950,
Kentucky,Paris,Restaurant,1,1950,
Kentucky,Paris,Barber Shop,1,1950,
Kentucky,Paris,Beauty Parlor,1,1950,
Louisiana,Baton Rouge,Hotel,1,1950,
Louisiana,Baton Rouge,Tourist Home,1,1950,
Louisiana,Baton Rouge,Restaurant,1,1950,
Louisiana,Baton Rouge,Tavern,1,1950,
Louisiana,Baton Rouge,Beauty Parlor,1,1950,
Louisiana,Baton Rouge,Barber Shop,1,1950,
Louisiana,Baton Rouge,Night Club,1,1950,
Louisiana,Baton Rouge,Service Station,2,1950,
Louisiana,Baton Rouge,Road House,1,1950,
Louisiana,Bogalusa,Tourist Home,1,1950,
Louisiana,Lafayette,Tourist Home,2,1950,
Louisiana,Lake Charles,Tourist Home,1,1950,
Louisiana,Mansfield,Tourist Home,2,1950,
Louisiana,Monroe,Hotel,1,1950,
Louisiana,Monroe,Tourist Home,2,1950,
Louisiana,Morgan City,Tourist Home,2,1950,
Louisiana,Minden,Restaurant,1,1950,
Louisiana,Marreo,Beauty Parlor,1,1950,
Louisiana,New Orleans,Hotel,14,1950,
Louisiana,New Orleans,Tourist Home,4,1950,
Louisiana,New Orleans,Restaurant,14,1950,
Louisiana,New Orleans,Barber Shop,1,1950,
Louisiana,New Orleans,Beauty Parlor,3,1950,
Louisiana,New Orleans,School of Beauty Culture,2,1950,
Louisiana,New Orleans,Tavern,9,1950,
Louisiana,New Orleans,Night Club,8,1950,
Louisiana,New Orleans,Service Station,2,1950,
Louisiana,New Orleans,Taxi Cab,4,1950,
Louisiana,New Orleans,Drug Store,1,1950,
Louisiana,New Orleans,Tavern,2,1950,
Louisiana,New Iberia,Tourist Home,2,1950,
Louisiana,Opelcusas,Tourist Home,1,1950,
Louisiana,Scotlandville,Service Station,1,1950,
Louisiana,Shreveport,Hotel,1,1950,
Louisiana,Shreveport,Tourist Home,3,1950,
Louisiana,Shreveport,Restaurant,3,1950,
Louisiana,Shreveport,Tourist Cabins,1,1950,
Louisiana,Shreveport,Tavern,2,1950,
Louisiana,Shreveport,Service Station,3,1950,
Louisiana,Shreveport,Tailor,3,1950,
Louisiana,Shreveport,Drug Store,2,1950,
Maine,Bangor,Tourist Home,1,1950,
Maine,Gardnier,Tourist Home,1,1950,
Maine,Old Orchard,Tourist Home,1,1950,
Maine,Portland,Hotel,1,1950,
Maryland,Annapolis,Hotel,1,1950,
Maryland,Annapolis,Night Club,1,1950,
Maryland,Baltimore,Hotel,6,1950,
Maryland,Baltimore,Tourist Home,1,1950,
Maryland,Baltimore,Restaurant,3,1950,
Maryland,Baltimore,Beauty Parlor,4,1950,
Maryland,Baltimore,Barber Shop,1,1950,
Maryland,Baltimore,Tavern,7,1950,
Maryland,Baltimore,Night Club,5,1950,
Maryland,Baltimore,Liquor Store,4,1950,
Maryland,Baltimore,Service Station,1,1950,
Maryland,Baltimore,Garage,1,1950,
Maryland,Buena Vista,Restaurant,1,1950,
Maryland,Frederick,Tourist Home,2,1950,
Maryland,Frederick,Restaurant,1,1950,
Maryland,Hagerstown,Tourist Home,1,1950,
Maryland,Hagerstown,Restaurant,1,1950,
Maryland,Havre de Grace,Hotel,1,1950,
Maryland,Princess Anne,Restaurant,1,1950,
Maryland,Sparrows Point,Tailor,1,1950,
Maryland,Sparrows Point,Restaurant,1,1950,
Maryland,Turners Station,Night Club,1,1950,
Maryland,Turners Station,Drug Store,1,1950,
Maryland,Upper Marlboro,Hotel,1,1950,
Maryland,Upper Marlboro,Tourist Home,1,1950,
Massachusetts,Attleboro,Tourist Home,1,1950,
Massachusetts,Boston,Hotel,3,1950,
Massachusetts,Boston,Tourist Home,7,1950,
Massachusetts,Boston,Restaurant,10,1950,
Massachusetts,Boston,Beauty Parlor,20,1950,
Massachusetts,Boston,Barber Shop,2,1950,
Massachusetts,Boston,Tavern,1,1950,
Massachusetts,Boston,Night Club,1,1950,
Massachusetts,Boston,Tailor,6,1950,
Massachusetts,Cambridge,Tourist Home,1,1950,
Massachusetts,Great Barrington,Tourist Home,2,1950,
Massachusetts,Hyamis,Tourist Home,1,1950,
Massachusetts,North Adams,Tourist Home,1,1950,
Massachusetts,Needham,Tourist Home,1,1950,
Massachusetts,Pittsfield,Tourist Home,4,1950,
Massachusetts,Plymouth,Tourist Home,1,1950,
Massachusetts,Randolph,Restaurant,1,1950,
Massachusetts,Roxbury,Tourist Home,1,1950,
Massachusetts,Roxbury,Beauty Parlor,9,1950,
Massachusetts,Roxbury,Service Station,2,1950,
Massachusetts,Roxbury,Garage,1,1950,
Massachusetts,Roxbury,Tailor,2,1950,
Massachusetts,Roxbury,Drug Store,3,1950,
Massachusetts,South Hanson,Tourist Home,1,1950,
Massachusetts,South Hanson,Trailer Park,1,1950,
Massachusetts,Springfield,Hotel,1,1950,
Massachusetts,Springfield,Barber Shop,1,1950,
Massachusetts,Springfield,Beauty Parlor,1,1950,
Massachusetts,Springfield,Tailor,1,1950,
Massachusetts,Swampscott,Tourist Home,1,1950,
Massachusetts,Worcester,Hotel,1,1950,
Massachusetts,Worcester,Restaurant,1,1950,
Massachusetts,Worcester,Service Station,1,1950,
Massachusetts,Worcester,Garage,1,1950,
Massachusetts,Worcester,Drug Store,1,1950,
Massachusetts,Woburn,Tourist Home,1,1950,
Michigan,Ann Arbor,Hotel,2,1950,
Michigan,Battle Creek,Tourist Home,3,1950,
Michigan,Baldwin,Service Station,2,1950,
Michigan,Baldwin,Night Club,1,1950,
Michigan,Baldwin,Tourist Home,1,1950,
Michigan,Benton Harbor,Night Club,1,1950,
Michigan,Bitley,Hotel,1,1950,Ad
Michigan,Brighton,Ranch,1,1950,
Michigan,Covert,Hotel,1,1950,
Michigan,Detroit,Hotel,24,1950,
Michigan,Detroit,Tourist Home,2,1950,
Michigan,Detroit,Restaurant,3,1950,
Michigan,Detroit,Beauty Parlor,1,1950,
Michigan,Detroit,School of Beauty Culture,2,1950,
Michigan,Detroit,Barber Shop,4,1950,
Michigan,Detroit,Tavern,9,1950,
Michigan,Detroit,Night Club,6,1950,
Michigan,Detroit,Service Station,4,1950,
Michigan,Detroit,Liquor Store,1,1950,
Michigan,Detroit,Automotive,1,1950,
Michigan,Detroit,Tailor,3,1950,
Michigan,Detroit,Drug Store,5,1950,
Michigan,Flint,Tourist Home,2,1950,
Michigan,Grand Junction,Tourist Home,1,1950,
Michigan,Hartford,Tourist Home,1,1950,
Michigan,Idlewild,Hotel,7,1950,
Michigan,Idlewild,Tourist Home,9,1950,
Michigan,Idlewild,Restaurant,4,1950,1 is ad
Michigan,Idlewild,Tavern,3,1950,"One restaurant also mentioned as Tavern, but spelled differently (Rosannaâ€™s Rosana)"
Michigan,Jackson,Tourist Home,1,1950,
Michigan,Lansing,Tourist Home,3,1950,
Michigan,Lawrence,Tourist Home,1,1950,
Michigan,Muskegon,Tourist Home,1,1950,
Michigan,Oscoda,Tourist Home,1,1950,
Michigan,Saginaw,Tourist Home,1,1950,
Michigan,South Haven ,Tourist Home,1,1950,
Michigan,Vandalia,Hotel,1,1950,
Michigan,Vandalia,Tourist Home,2,1950,
Michigan,Three Rivers,Tourist Home,1,1950,
Michigan,Niles,Tourist Home,1,1950,
Minnesota,Duluth,Tourist Home,1,1950,
Minnesota,Minneapolis,Hotel,1,1950,
Minnesota,Minneapolis,Tourist Home,1,1950,
Minnesota,Minneapolis,Restaurant,1,1950,
Minnesota,Minneapolis,Tavern,2,1950,
Minnesota,Minneapolis,Liquor Store,7,1950,
Minnesota,Minneapolis,Service Station,1,1950,
Minnesota,Minneapolis,Tailor,2,1950,
Minnesota,Motley,Tourist Home,1,1950,
Minnesota,Motley,Restaurant,1,1950,
Minnesota,Motley,Service Station,1,1950,
Minnesota,Motley,Tavern,1,1950,
Minnesota,Rochester,Hotel,2,1950,
Minnesota,St. Cloud,Hotel,1,1950,
Minnesota,St. Cloud,Restaurant,1,1950,
Minnesota,St. Paul,Tourist Home,1,1950,
Minnesota,St. Paul,Restaurant,2,1950,
Minnesota,St. Paul,Service Station,2,1950,
Minnesota,St. Paul,Garage,1,1950,
Minnesota,St. Paul,Tailor,1,1950,
Minnesota,St. Paul,Liquor Store,9,1950,
Mississippi,Biloxi,Tourist Home,2,1950,
Mississippi,Biloxi,Service Station,1,1950,
Mississippi,D'Lo,Service Station,1,1950,
Mississippi,Canton,Restaurant,1,1950,
Mississippi,Canton,Night Club,1,1950,
Mississippi,Cleveland,Service Station,1,1950,
Mississippi,Columbus,Hotel,1,1950,
Mississippi,Columbus,Tourist Home,5,1950,
Mississippi,Greenville,Tourist Home,1,1950,
Mississippi,Greenville,Service Station,1,1950,
Mississippi,Grenada,Tourist Home,2,1950,
Mississippi,Hattiesburg,Tourist Home,3,1950,
Mississippi,Jackson,Hotel,2,1950,
Mississippi,Jackson,Tourist Home,2,1950,
Mississippi,Jackson,Restaurant,4,1950,
Mississippi,Jackson,Beauty Parlor,1,1950,
Mississippi,Jackson,Barber Shop,1,1950,
Mississippi,Jackson,Tailor,1,1950,
Mississippi,Jackson,Drug Store,1,1950,
Mississippi,Jackson,Service Station,1,1950,
Mississippi,Jackson,Garage,1,1950,
Mississippi,Jackson,Taxi Cab,1,1950,
Mississippi,Jackson,Skating Rink,1,1950,ad
Mississippi,Laurel,Hotel,1,1950,
Mississippi,Laurel,Tourist Home,4,1950,
Mississippi,Macomb,Tourist Home,1,1950,
Mississippi,Mendenhall,Service Station,2,1950,
Mississippi,Meridian,Hotel,1,1950,
Mississippi,Meridian,Tourist Home,3,1950,
Mississippi,Mound Bayou,Tourist Home,2,1950,
Mississippi,Mound Bayou,Garage,1,1950,
Mississippi,New Albany,Hotel,1,1950,
Mississippi,New Albany,Tourist Home,3,1950,
Mississippi,Yazoo City,Hotel,1,1950,
Mississippi,Yazoo City,Tourist Home,1,1950,
Missouri,Cape Giradeau,Tourist Home,2,1950,
Missouri,Columbia,Hotel,1,1950,
Missouri,Columbia,Tourist Home,1,1950,
Missouri,Charleston,Tavern,1,1950,
Missouri,Excelsior Springs,Hotel,3,1950,
Missouri,Hannibal,Tourist Home,1,1950,
Missouri,Jefferson City,Hotel,2,1950,
Missouri,Jefferson City,Tourist Home,2,1950,
Missouri,Jefferson City,Restaurant,4,1950,
Missouri,Jefferson City,Barber Shop,1,1950,
Missouri,Jefferson City,Beauty Parlor,1,1950,
Missouri,Jefferson City,Tavern,1,1950,
Missouri,Jefferson City,Night Club,2,1950,
Missouri,Jefferson City,Taxi Cab,1,1950,
Missouri,Jefferson City,Tailor,1,1950,
Missouri,Joplin,Tourist Home,3,1950,
Missouri,Kansas City,Hotel,8,1950,
Missouri,Kansas City,Tourist Home,2,1950,
Missouri,Kansas City,Restaurant,20,1950,
Missouri,Kansas City,Tavern,3,1950,
Missouri,Kansas City,Night Club,2,1950,
Missouri,Kansas City,Beauty Parlor,14,1950,
Missouri,Kansas City,Barber Shop,2,1950,
Missouri,Kansas City,Liquor Store,15,1950,
Missouri,Kansas City,Service Station,4,1950,
Missouri,Kansas City,Taxi Cab,1,1950,
Missouri,Kansas City,Garage,1,1950,
Missouri,Kansas City,Drug Store,6,1950,
Missouri,Kansas City,Tailor,4,1950,
Missouri,Lebanon,Tourist Home,3,1950,
Missouri,Moberly,Tourist Home,3,1950,
Missouri,Sedalia,Tourist Home,3,1950,
Missouri,Springfield,Hotel,1,1950,
Missouri,Springfield,Tourist Home,1,1950,
Missouri,St. Joseph,Tourist Home,1,1950,
Missouri,St. Louis,Hotel,13,1950,
Missouri,St. Louis,Restaurant,17,1950,
Missouri,St. Louis,Beauty Parlor,35,1950,
Missouri,St. Louis,Barber Shop,2,1950,
Missouri,St. Louis,Tavern,16,1950,
Missouri,St. Louis,Night Club,6,1950,
Missouri,St. Louis,Service Station,5,1950,
Missouri,St. Louis,Garage,2,1950,
Missouri,St. Louis,Tailor,4,1950,
Missouri,St. Louis,Liquor Store,6,1950,
Missouri,St. Louis,Taxi Cab,2,1950,
Missouri,St. Louis,Drug Store,6,1950,
Missouri,East St. Louis,Hotel,1,1950,
Missouri,East St. Louis,Restaurant,2,1950,
Missouri,East St. Louis,Beauty Parlor,1,1950,
Missouri,East St. Louis,Service Station,1,1950,
Missouri,East St. Louis,Tavern,5,1950,
Missouri,East St. Louis,Drug Store,2,1950,
Montana,Helena,Tourist Home,1,1950,
Nebraska,Ainsworth,Hotel,1,1950,
Nebraska,Ainsworth,Tourist Home,1,1950,
Nebraska,Ainsworth,Restaurant,2,1950,
Nebraska,Ainsworth,Service Station,5,1950,
Nebraska,Ainsworth,Garage,3,1950,
Nebraska,Fremont,Tourist Home,2,1950,
Nebraska,Omaha,Hotel,4,1950,
Nebraska,Omaha,Tourist Home,3,1950,
Nebraska,Omaha,Restaurant,2,1950,
Nebraska,Omaha,Tavern,4,1950,
Nebraska,Omaha,Liquor Store,2,1950,
Nebraska,Omaha,Service Station,4,1950,
Nebraska,Omaha,Drug Store,4,1950,
Nebraska,Lincoln,Tourist Home,1,1950,
Nebraska,Lincoln,Drug Store,1,1950,
Nebraska,Lincoln,Tailor,1,1950,
Nebraska,Scottsbluff,Hotel,1,1950,
Nebraska,Scottsbluff,Tourist Home,1,1950,
Nebraska,Scottsbluff,Restaurant,1,1950,
New Jersey,Asbury Park,Hotel,2,1950,
New Jersey,Asbury Park,Tourist Home,7,1950,
New Jersey,Asbury Park,Restaurant,2,1950,
New Jersey,Asbury Park,Beauty Parlor,3,1950,
New Jersey,Asbury Park,Barber Shop,2,1950,
New Jersey,Asbury Park,Tavern,5,1950,
New Jersey,Asbury Park,Night Club,2,1950,
New Jersey,Asbury Park,Service Station,2,1950,
New Jersey,Asbury Park,Garage,1,1950,
New Jersey,Atlantic City,Hotel,12,1950,
New Jersey,Atlantic City,Tourist Home,10,1950,
New Jersey,Atlantic City,Restaurant,7,1950,
New Jersey,Atlantic City,Barber Shop,3,1950,
New Jersey,Atlantic City,Beauty Parlor,2,1950,
New Jersey,Atlantic City,Tavern,22,1950,
New Jersey,Atlantic City,Night Club,2,1950,
New Jersey,Atlantic City,Liquor Store,1,1950,
New Jersey,Atlantic City,Service Station,1,1950,
New Jersey,Atlantic City,Garage,1,1950,
New Jersey,Atlantic City,Drug Store,1,1950,
New Jersey,Bayonne,Tavern,2,1950,
New Jersey,Bayonne,Tailor,1,1950,
New Jersey,Bell Meade,Hotel,1,1950,
New Jersey,Berlin,Tavern,1,1950,
New Jersey,Bloomfield,Restaurant,1,1950,
New Jersey,Bridgeton,Tavern,1,1950,
New Jersey,Camden,Restaurant,2,1950,1 is Chinese
New Jersey,Camden,Tavern,1,1950,
New Jersey,Camden,Tailor,1,1950,
New Jersey,Cape May,Hotel,3,1950,
New Jersey,Cape May,Tourist Home,1,1950,
New Jersey,East Orange,Beauty Parlor,2,1950,
New Jersey,East Orange,Tailor,2,1950,
New Jersey,East Orange,Taxi Cab,1,1950,
New Jersey,Eatontown,Night Club,1,1950,
New Jersey,Egg Harbor,Hotel,1,1950,
New Jersey,Egg Harbor,Tavern,1,1950,
New Jersey,Elizabeth,Tourist Home,1,1950,
New Jersey,Elizabeth,Tavern,3,1950,
New Jersey,Englewood,Tavern,1,1950,
New Jersey,Englewood,Liquor Store,2,1950,
New Jersey,Hackensack,Beauty Parlor,1,1950,
New Jersey,Hackensack,Barber Shop,2,1950,
New Jersey,Hackensack,Tavern,1,1950,
New Jersey,Hackensack,Night Club,1,1950,
New Jersey,Hackensack,Service Station,1,1950,
New Jersey,Haskell,Recreation Park,1,1950,
New Jersey,Hightstown,Tavern,2,1950,
New Jersey,Jersey City,Beauty Parlor,1,1950,
New Jersey,Jersey City,Tailor,1,1950,
New Jersey,Jersey City,School of Beauty Culture,1,1950,
New Jersey,Kingston,Road House,1,1950,
New Jersey,Keyport,Tavern,2,1950,
New Jersey,Kennelworth,Tavern,1,1950,
New Jersey,Lakewood,Beauty Parlor,1,1950,
New Jersey,Lawnside,Tourist Home,1,1950,
New Jersey,Lawnside,Tavern,4,1950,
New Jersey,Lawnside,Beauty Parlor,1,1950,
New Jersey,Lawnside,Barber Shop,1,1950,
New Jersey,Lawnside,Recreation Park,1,1950,
New Jersey,Lawnside,Service Station,2,1950,
New Jersey,Linden,Night Club,1,1950,
New Jersey,Linden,Tavern,1,1950,
New Jersey,Long Branch,Tavern,3,1950,
New Jersey,Madison,Taxi Cab,2,1950,
New Jersey,Magnolia,Tavern,1,1950,
New Jersey,Mahwah,Tavern,1,1950,
New Jersey,Momouth Junction,Tourist Home,1,1950,
New Jersey,Montclair,Tourist Home,2,1950,
New Jersey,Montclair,Restaurant,4,1950,
New Jersey,Montclair,Beauty Parlor,4,1950,
New Jersey,Montclair,Barber Shop,3,1950,
New Jersey,Montclair,Tavern,1,1950,
New Jersey,Montclair,Tailor,3,1950,
New Jersey,Montclair,Service Station,2,1950,
New Jersey,Montclair,Garage,3,1950,
New Jersey,Montclair,Taxi Cab,3,1950,
New Jersey,Montclair,Drug Store,1,1950,
New Jersey,Morristown,Night Club,1,1950,
New Jersey,Neptune,Restaurant,3,1950,
New Jersey,Neptune,Beauty Parlor,1,1950,
New Jersey,Newark,Hotel,4,1950,
New Jersey,Newark,Tourist Home,2,1950,
New Jersey,Newark,Restaurant,4,1950,1 is Chinese
New Jersey,Newark,Beauty Parlor,8,1950,
New Jersey,Newark,Barber Shop,1,1950,
New Jersey,Newark,Tavern,24,1950,
New Jersey,Newark,Night Club,7,1950,
New Jersey,Newark,Service Station,2,1950,
New Jersey,Newark,Garage,2,1950,
New Jersey,Newark,Tailor,1,1950,
New Jersey,Ocean City,Hotel,2,1950,
New Jersey,Orange,Hotel,2,1950,
New Jersey,Orange,Restaurant,4,1950,1 is Chinese
New Jersey,Orange,Drug Store,1,1950,
New Jersey,Orange,Tailor,2,1950,
New Jersey,Orange,Garage,1,1950,
New Jersey,Paulsboro,Restaurant,1,1950,
New Jersey,Passaic,Restaurant,1,1950,
New Jersey,Paterson,Tavern,2,1950,
New Jersey,Paterson,Tailor,1,1950,
New Jersey,Paterson,Garage,1,1950,
New Jersey,Paterson,Taxi Cab,1,1950,
New Jersey,Perth Amboy,Hotel,1,1950,
New Jersey,Perth Amboy,Barber Shop,1,1950,
New Jersey,Point Pleasant,Tavern,1,1950,
New Jersey,Pine Brook,Tourist Home,1,1950,
New Jersey,Pine Brook,Restaurant,1,1950,
New Jersey,Pine Brook,Beauty Parlor,1,1950,
New Jersey,Plainfield,Tourist Home,1,1950,
New Jersey,Plainfield,Tavern,1,1950,
New Jersey,Pleasantville,Tourist Home,1,1950,
New Jersey,Pleasantville,Tavern,1,1950,
New Jersey,Pleasantville,Road House,1,1950,
New Jersey,Red Bank,Hotel,1,1950,
New Jersey,Red Bank,Restaurant,1,1950,
New Jersey,Red Bank,Tavern,2,1950,
New Jersey,Red Bank,Barber Shop,1,1950,
New Jersey,Red Bank,Beauty Parlor,2,1950,
New Jersey,Red Bank,Service Station,1,1950,
New Jersey,Red Bank,Tailor,1,1950,
New Jersey,Roselle,Tavern,2,1950,
New Jersey,Scotch Plains,Restaurant,1,1950,
New Jersey,Scotch Plains,Road House,1,1950,
New Jersey,Scotch Plains,Country Club,1,1950,
New Jersey,Salem,Tavern,1,1950,
New Jersey,Sea Bright,Restaurant,1,1950,
New Jersey,Seawaren,Tailor,1,1950,
New Jersey,Shrewsbury,Service Station,1,1950,
New Jersey,Summit,Hotel,1,1950,
New Jersey,Toms River,Tavern,1,1950,
New Jersey,Trenton,Hotel,1,1950,
New Jersey,Trenton,Restaurant,1,1950,
New Jersey,Trenton,Beauty Parlor,2,1950,
New Jersey,Trenton,Barber Shop,2,1950,
New Jersey,Trenton,Night Club,1,1950,
New Jersey,Trenton,Road House,1,1950,
New Jersey,Vaux Hall,Tavern,1,1950,
New Jersey,Wildwood,Hotel,5,1950,
New Jersey,Wildwood,Tourist Home,1,1950,
New Jersey,Wildwood,Beauty Parlor,1,1950,
New Jersey,Wildwood,Barber Shop,1,1950,
New Jersey,Wildwood,Night Club,1,1950,
New Jersey,Woodbury,Restaurant,1,1950,
New Jersey,West Pleasantville,Country Club,1,1950,
New York,Albany,Hotel,1,1950,
New York,Albany,Tourist Home,1,1950,
New York,Albany,Beauty Parlor,1,1950,
New York,Albany,Barber Shop,1,1950,
New York,Albany,Night Club,1,1950,
New York,Bath,Tourist Home,1,1950,
New York,Buffalo,Hotel,5,1950,
New York,Buffalo,Tourist Home,4,1950,
New York,Buffalo,Restaurant,14,1950,1 is Chinese
New York,Buffalo,Beauty Parlor,13,1950,
New York,Buffalo,Barber Shop,2,1950,
New York,Buffalo,Tavern,15,1950,
New York,Buffalo,Night Club,3,1950,
New York,Buffalo,Tavern,2,1950,
New York,Buffalo,Liquor Store,5,1950,
New York,Buffalo,Service Station,3,1950,
New York,Buffalo,Tailor,10,1950,
New York,Buffalo,Taxi Cab,1,1950,
New York,Croton-on-the-Hudson,Hotel,1,1950,
New York,Hasting-on-the-Hudson,Service Station,1,1950,
New York,Ithaca,Night Club,2,1950,
New York,Glen Falls,Tourist Home,1,1950,
New York,Jamestown,Tourist Home,2,1950,
New York,Lackawanna,Restaurant,4,1950,
New York,Lackawanna,Tavern,1,1950,
New York,Mechanicville,Tourist Home,1,1950,
New York,Niagara Falls,Hotel,1,1950,
New York,Niagara Falls,Tourist Home,6,1950,
New York,Niagara Falls,Tavern,3,1950,
New York,Port Jervis,Tourist Home,1,1950,
New York,Poughkeepsie,Tourist Home,2,1950,
New York,Rochester,Hotel,2,1950,
New York,Rochester,Tourist Home,2,1950,
New York,Rochester,Tailor,1,1950,
New York,Rochester,Tavern,2,1950,
New York,Rochester,Garage,1,1950,
New York,Saratoga Springs,Tavern,1,1950,
New York,Schenectady,Tourist Home,1,1950,
New York,Syracuse,Hotel,2,1950,
New York,Syracuse,Tourist Home,1,1950,
New York,Syracuse,Restaurant,3,1950,
New York,Syracuse,Tavern,1,1950,
New York,Syracuse,Barber Shop,2,1950,
New York,Syracuse,Night Club,1,1950,
New York,Syracuse,Liquor Store,1,1950,
New York,Syracuse,Drug Store,1,1950,
New York,Utica,Tourist Home,3,1950,
New York,Watertown,Hotel,1,1950,
New York,Watertown,Tourist Home,4,1950,
New York,Watertown,Restaurant,1,1950,
New York,Watertown,Barber Shop,1,1950,
New York,Watertown,Beauty Parlor,1,1950,
New York,Watertown,Service Station,1,1950,
New York,Watertown,Garage,1,1950,
New York,New York,Hotel,33,1950,"Harlem, 1 is ad"
New York,New York,Restaurant,30,1950,"Harlem, 1 is chinese"
New York,New York,Beauty Parlor,11,1950,Harlem  
New York,New York,Barber Shop,18,1950,Harlem  
New York,New York,Tavern,94,1950,Harlem  
New York,New York,Night Club,15,1950,Harlem
New York,New York,Liquor Store,20,1950,"Harlem, 1 is ad"
New York,New York,Garage,4,1950,Harlem  
New York,New York,Tailor,10,1950,Harlem  
New York,New York,Service Station,1,1950,Harlem  
New York,New York,Dance Hall,2,1950,Harlem  
New York,New York,Hotel,3,1950,Brooklyn
New York,New York,Restaurant,7,1950,Brooklyn
New York,New York,Beauty Parlor,6,1950,Brooklyn
New York,New York,School of Beauty Culture,1,1950,Brooklyn
New York,New York,Tavern,38,1950,Brooklyn
New York,New York,Night Club,1,1950,Brooklyn
New York,New York,Drug Store,2,1950,Brooklyn
New York,New York,Liquor Store,8,1950,Brooklyn
New York,New York,Tailor,1,1950,Brooklyn
New York,New York,Hotel,2,1950,Bronx
New York,New York,Restaurant,4,1950,Bronx
New York,New York,Beauty Parlor,2,1950,Bronx
New York,New York,Tavern,27,1950,Bronx
New York,New York,Liquor Store,5,1950,Bronx
New York,New York,Night Club,1,1950,Bronx
New York,New York,Ballroom,1,1950,Bronx
New York,New York,Service Station,2,1950,Bronx
New York,New York,Tailor,5,1950,Bronx
New York,Amitville ,Restaurant,1,1950,Long Island
New York,Amitville ,Road House,1,1950,Long Island
New York,Amitville ,Barber Shop,1,1950,Long Island
New York,Amitville ,Beauty Parlor,1,1950,Long Island
New York,Corona,Tavern,3,1950,Long Island
New York,Corona,Night Club,1,1950,Long Island
New York,Hempstead,Tavern,1,1950,Long Island
New York,Hempstead,Barber Shop,1,1950,Long Island
New York,Hempstead,Beauty Parlor,1,1950,Long Island
New York,Jamaica,Tavern,3,1950,Long Island
New York,Jamaica,Beauty Parlor,1,1950,Long Island
New York,Jamaica,Tailor,2,1950,Long Island
New York,West Brighton,Beauty Parlor,1,1950,Staten Island
New York,West Brighton,Barber Shop,1,1950,Staten Island
New York,West Brighton,Night Club,1,1950,Staten Island
New York,West Brighton,Tailor,3,1950,Staten Island
New York,West Brighton,Service Station,1,1950,Staten Island
New York,Elmsford,Tavern,1,1950,Westchester
New York,Mt. Vernon,Tourist Home,1,1950,Westchester
New York,Mt. Vernon,Restaurant,2,1950,Westchester
New York,Mt. Vernon,Tavern,3,1950,Westchester
New York,New Rochelle,Restaurant,3,1950,Westchester
New York,New Rochelle,Beauty Parlor,3,1950,Westchester
New York,New Rochelle,Barber Shop,3,1950,Westchester
New York,New Rochelle,Liquor Store,1,1950,Westchester
New York,New Rochelle,Drug Store,1,1950,Westchester
New York,North Tarrytown,Barber Shop,2,1950,Westchester
New York,Tuckahoe,Restaurant,2,1950,Westchester
New York,Tuckahoe,Beauty Parlor,1,1950,Westchester
New York,Tuckahoe,Barber Shop,1,1950,Westchester
New York,Yonkers,Restaurant,1,1950,Westchester
New York,White Plains,Hotel,1,1950,
New York,White Plains,Restaurant,3,1950,
New York,White Plains,Beauty Parlor,3,1950,
New York,White Plains,Night Club,1,1950,
New York,White Plains,Liquor Store,1,1950,
New York,White Plains,Service Station,1,1950,
New York,White Plains,Taxi Cab,1,1950,
New York,White Plains,Drug Store,1,1950,
New York,White Plains,Tailor,1,1950,
Nevada,Reno,Tourist Home,2,1950,
Nevada,Las Vegas,Tourist Home,2,1950,
New Hampshire,Whitefield,Tourist Home,1,1950,
New Mexico,Albuquerque,Hotel,1,1950,
New Mexico,Albuquerque,Tourist Home,2,1950,
New Mexico,Albuquerque,Restaurant,1,1950,
New Mexico,Carlsbad,Tourist Home,2,1950,
New Mexico,Carlsbad,Restaurant,1,1950,
New Mexico,Carlsbad,Barber Shop,1,1950,
New Mexico,Gallup,Tourist Home,1,1950,
New Mexico,Las Cruces,Tourist Home,1,1950,
New Mexico,Lordsburg,Motel,1,1950,ad
New Mexico,Rosewell,Tourist Home,3,1950,
New Mexico,Rosewell,Restaurant,1,1950,
New Mexico,Tucumcari,Tourist Home,2,1950,
New Mexico,Tucumcari,Barber Shop,1,1950,
New Mexico,Tucumcari,Garage,1,1950,
North Carolina,Asheville,Hotel,3,1950,
North Carolina,Asheville,Restaurant,1,1950,
North Carolina,Asheville,School of Beauty Culture,1,1950,
North Carolina,Asheville,Barber Shop,1,1950,
North Carolina,Asheville,Garage,1,1950,
North Carolina,Bladenboro,Beauty Parlor,1,1950,
North Carolina,Charlotte,Hotel,1,1950,
North Carolina,Charlotte,Restaurant,2,1950,
North Carolina,Charlotte,Beauty Parlor,4,1950,
North Carolina,Charlotte,Barber Shop,2,1950,
North Carolina,Charlotte,Drug Store,3,1950,
North Carolina,Charlotte,Tailor,1,1950,
North Carolina,Charlotte,Service Station,2,1950,
North Carolina,Durham,Hotel,1,1950,
North Carolina,Durham,Tourist Home,1,1950,
North Carolina,Durham,Restaurant,5,1950,
North Carolina,Durham,Beauty Parlor,5,1950,
North Carolina,Durham,Barber Shop,2,1950,
North Carolina,Durham,Tavern,4,1950,
North Carolina,Durham,Service Station,8,1950,
North Carolina,Durham,Drug Store,2,1950,
North Carolina,Durham,Tailor,6,1950,
North Carolina,Elizabeth City,Tavern,1,1950,
North Carolina,Elizabethtown,Hotel,1,1950,
North Carolina,Elizabethtown,Beauty Parlor,1,1950,
North Carolina,Elizabethtown,Tavern,2,1950,
North Carolina,Elizabethtown,Drug Store,1,1950,
North Carolina,Enfield,Restaurant,1,1950,
North Carolina,Fayetteville,Hotel,2,1950,
North Carolina,Fayetteville,Tourist Home,2,1950,
North Carolina,Fayetteville,Restaurant,4,1950,
North Carolina,Fayetteville,Beauty Parlor,2,1950,
North Carolina,Fayetteville,Barber Shop,2,1950,
North Carolina,Fayetteville,Tavern,2,1950,
North Carolina,Fayetteville,Service Station,1,1950,
North Carolina,Fayetteville,Garage,1,1950,
North Carolina,Fayetteville,Tailor,1,1950,
North Carolina,Greensboro,Hotel,1,1950,
North Carolina,Greensboro,Tourist Home,5,1950,
North Carolina,Greensboro,Tavern,1,1950,
North Carolina,Greensboro,Tailor,1,1950,
North Carolina,Greensboro,Taxi Cab,1,1950,
North Carolina,Greenville,Restaurant,2,1950,
North Carolina,Greenville,Beauty Parlor,2,1950,
North Carolina,Greenville,Drug Store,1,1950,
North Carolina,Goldsboro,Tailor,1,1950,
North Carolina,Goldsboro,Restaurant,1,1950,
North Carolina,Goldsboro,Barber Shop,1,1950,
North Carolina,Goldsboro,Beauty Parlor,1,1950,
North Carolina,Hallsboro,Beauty Parlor,1,1950,
North Carolina,Hamlet,Restaurant,1,1950,
North Carolina,Henderson,Taxi Cab,1,1950,
North Carolina,High Point,Hotel,1,1950,
North Carolina,Kingston,Service Station,1,1950,
North Carolina,Kingston,Tavern,1,1950,
North Carolina,Littleton,Hotel,1,1950,
North Carolina,Lillington,Taxi Cab,1,1950,
North Carolina,Lexington,Service Station,1,1950,
North Carolina,Mt. Olive,Restaurant,1,1950,
North Carolina,New Bern,Hotel,1,1950,
North Carolina,New Bern,Tourist Home,1,1950,
North Carolina,Raleigh,Hotel,2,1950,"Listed as Tailors, but same addresses are Hotels in 1947"
North Carolina,Raleigh,Restaurant,6,1950,
North Carolina,Raleigh,Beauty Parlor,1,1950,
North Carolina,Raleigh,Barber Shop,1,1950,
North Carolina,Raleigh,Tailor,4,1950,Listed as Tailors addresses possibly duplicated Hotels
North Carolina,Raleigh,Garage,1,1950,
North Carolina,Raleigh,Taxi Cab,1,1950,
North Carolina,Mancheste,Tavern,1,1950,
North Carolina,Pinehurst,Tourist Home,1,1950,Same name listed under Service Station as well.
North Carolina,Pinehurst,Service Station,1,1950,Same name listed under Tourist Home as well.
North Carolina,Sanford,Beauty Parlor,1,1950,
North Carolina,Sanford,Garage,1,1950,
North Carolina,Sanford,Drug Store,1,1950,
North Carolina,Salisbury,Taxi Cab,1,1950,
North Carolina,Sumter,Tavern,1,1950,
North Carolina,Whiteville,Tourist Home,1,1950,
North Carolina,Wilson,Hotel,2,1950,
North Carolina,Wilson,Taxi Cab,1,1950,
North Carolina,Winston-Salem,Hotel,2,1950,
North Carolina,Winston-Salem,Tourist Home,3,1950,
North Carolina,Washington,Drug Store,1,1950,
North Carolina,Weldon,Hotel,2,1950,
North Carolina,Wilmington,Hotel,1,1950,
North Carolina,Wilmington,Tourist Home,1,1950,
North Carolina,Wilmington,Restaurant,6,1950,
North Carolina,Wilmington,Beauty Parlor,18,1950,
North Carolina,Wilmington,Barber Shop,3,1950,
North Carolina,Wilmington,Night Club,2,1950,
North Carolina,Wilmington,Tavern,6,1950,
North Carolina,Wilmington,Service Station,1,1950,
North Carolina,Wilmington,Garage,1,1950,
North Carolina,Wilmington,Drug Store,3,1950,
North Carolina,Wilmington,Taxi Cab,6,1950,
North Carolina,Wilmington,Tailor,1,1950,
Ohio,Akron,Hotel,5,1950,
Ohio,Akron,Tourist Home,1,1950,
Ohio,Akron,Barber Shop,3,1950,
Ohio,Akron,Tavern,2,1950,
Ohio,Akron,Night Club,1,1950,
Ohio,Akron,Service Station,2,1950,
Ohio,Alliance,Tourist Home,1,1950,
Ohio,Canton,Hotel,1,1950,
Ohio,Canton,Restaurant,1,1950,
Ohio,Canton,Drug Store,1,1950,
Ohio,Cincinnati,Hotel,5,1950,
Ohio,Cincinnati,Tourist Home,2,1950,
Ohio,Cincinnati,Restaurant,24,1950,1 is Chinese
Ohio,Cincinnati,Beauty Parlor,21,1950,
Ohio,Cincinnati,Barber Shop,11,1950,
Ohio,Cincinnati,Tavern,12,1950,
Ohio,Cincinnati,Drug Store,6,1950,
Ohio,Cincinnati,Night Club,2,1950,
Ohio,Cincinnati,Road House,1,1950,
Ohio,Cincinnati,Tailor,4,1950,
Ohio,Cincinnati,Service Station,3,1950,
Ohio,Cincinnati,Garage,4,1950,
Ohio,Cincinnati,Taxi Cab,2,1950,
Ohio,Cleveland,Hotel,7,1950,
Ohio,Cleveland,Tourist Home,1,1950,
Ohio,Cleveland,Restaurant,4,1950,
Ohio,Cleveland,Beauty Parlor,5,1950,
Ohio,Cleveland,Barber Shop,2,1950,
Ohio,Cleveland,Tavern,4,1950,
Ohio,Cleveland,Night Club,1,1950,
Ohio,Cleveland,School of Beauty Culture,1,1950,
Ohio,Cleveland,Service Station,5,1950,
Ohio,Cleveland,Garage,1,1950,
Ohio,Cleveland,Drug Store,1,1950,
Ohio,Cleveland,Tailor,4,1950,
Ohio,Columbus,Hotel,11,1950,
Ohio,Columbus,Tourist Home,5,1950,
Ohio,Columbus,Restaurant,9,1950,
Ohio,Columbus,Tavern,10,1950,
Ohio,Columbus,Night Club,14,1950,
Ohio,Columbus,Service Station,3,1950,
Ohio,Columbus,Taxi Cab,1,1950,
Ohio,Dayton,Hotel,1,1950,
Ohio,Dayton,Tourist Home,1,1950,
Ohio,Dayton,Restaurant,1,1950,
Ohio,Dayton,Tavern,1,1950,
Ohio,Dayton,Service Station,1,1950,
Ohio,Lima,Tourist Home,3,1950,
Ohio,Lorain,Tourist Home,5,1950,
Ohio,Mansfield,Hotel,1,1950,
Ohio,Mansfield,Service Station,1,1950,
Ohio,Mansfield,Drug Store,1,1950,
Ohio,Marietta,Tourist Home,1,1950,
Ohio,Middletown,Restaurant,1,1950,
Ohio,Middletown,Barber Shop,1,1950,
Ohio,Middletown,Tailor,1,1950,
Ohio,Oberlin,Hotel,1,1950,
Ohio,Springfield,Hotel,3,1950,
Ohio,Springfield,Tourist Home,3,1950,
Ohio,Springfield,Restaurant,1,1950,
Ohio,Springfield,Beauty Parlor,2,1950,
Ohio,Springfield,Barber Shop,2,1950,
Ohio,Springfield,Tavern,1,1950,
Ohio,Springfield,Night Club,1,1950,
Ohio,Springfield,Service Station,1,1950,
Ohio,Springfield,Garage,2,1950,
Ohio,Steubenville,Tourist Home,2,1950,
Ohio,Toledo,Hotel,1,1950,
Ohio,Toledo,Tourist Home,4,1950,
Ohio,Toledo,Beauty Parlor,1,1950,
Ohio,Toledo,Barber Shop,1,1950,
Ohio,Toledo,Tavern,2,1950,
Ohio,Toledo,Service Station,2,1950,
Ohio,Youngstown,Hotel,6,1950,
Ohio,Youngstown,Restaurant,4,1950,
Ohio,Youngstown,Barber Shop,1,1950,
Ohio,Youngstown,Beauty Parlor,2,1950,
Ohio,Youngstown,Tavern,2,1950,
Ohio,Youngstown,Tailor,1,1950,
Ohio,Youngstown,Service Station,1,1950,
Ohio,Youngstown,Garage,1,1950,
Ohio,Youngstown,Night Club,7,1950,
Ohio,Zanesville,Hotel,1,1950,
Ohio,Zanesville,Restaurant,1,1950,
Ohio,Zanesville,Tourist Home,1,1950,
Ohio,Zanesville,Barber Shop,1,1950,
Ohio,Zanesville,Beauty Parlor,1,1950,
Oklahoma,Boley,Hotel,1,1950,
Oklahoma,Chickasha,Tourist Home,1,1950,
Oklahoma,Enid,Tourist Home,3,1950,
Oklahoma,Guthrie,Tourist Home,2,1950,
Oklahoma,Muskogee,Hotel,3,1950,
Oklahoma,Muskogee,Restaurant,1,1950,
Oklahoma,Muskogee,Barber Shop,3,1950,
Oklahoma,Muskogee,Beauty Parlor,1,1950,
Oklahoma,Muskogee,Tavern,2,1950,
Oklahoma,Muskogee,Service Station,1,1950,
Oklahoma,Muskogee,Automotive,1,1950,
Oklahoma,Muskogee,Garage,3,1950,
Oklahoma,Muskogee,Tailor,2,1950,
Oklahoma,Oklahoma City,Hotel,4,1950,
Oklahoma,Oklahoma City,Tourist Home,3,1950,
Oklahoma,Oklahoma City,Restaurant,1,1950,
Oklahoma,Oklahoma City,Beauty Parlor,2,1950,
Oklahoma,Oklahoma City,Barber Shop,3,1950,
Oklahoma,Oklahoma City,Tavern,3,1950,
Oklahoma,Oklahoma City,Service Station,2,1950,
Oklahoma,Oklahoma City,Sanitarium,1,1950,
Oklahoma,Oklahoma City,Drug Store,2,1950,
Oklahoma,Okmulgee,Restaurant,1,1950,
Oklahoma,Okmulgee,Beauty Parlor,1,1950,
Oklahoma,Okmulgee,Service Station,1,1950,
Oklahoma,Okmulgee,Taxi Cab,1,1950,
Oklahoma,Shawnee,Hotel,2,1950,
Oklahoma,Shawnee,Tourist Home,1,1950,
Oklahoma,Tulsa,Hotel,5,1950,
Oklahoma,Tulsa,Tourist Home,2,1950,
Oklahoma,Tulsa,Restaurant,3,1950,
Oklahoma,Tulsa,Barber Shop,1,1950,
Oklahoma,Tulsa,Tailor,2,1950,
Oklahoma,Tulsa,Service Station,1,1950,
Oklahoma,Tulsa,Garage,1,1950,
Oklahoma,Tulsa,Automotive,1,1950,
Oregon,Portland,Hotel,2,1950,
Oregon,Portland,Restaurant,1,1950,
Oregon,Portland,Beauty Parlor,3,1950,
Oregon,Portland,Barber Shop,1,1950,
Oregon,Portland,Night Club,1,1950,
Oregon,Portland,Road House,1,1950,
Oregon,Portland,Taxi Cab,1,1950,
Pennsylvania,Allentown,Restaurant,1,1950,
Pennsylvania,Altoona,Tourist Home,3,1950,
Pennsylvania,Altoona,Restaurant,1,1950,
Pennsylvania,Bedford Sprigs,Hotel,1,1950,
Pennsylvania,Coatesville,Hotel,1,1950,
Pennsylvania,Chester,Hotel,2,1950,
Pennsylvania,Chester,Restaurant,1,1950,
Pennsylvania,Chester,Beauty Parlor,2,1950,
Pennsylvania,Chester,Barber Shop,1,1950,
Pennsylvania,Chester,Tavern,1,1950,
Pennsylvania,Chester,Tailor,1,1950,
Pennsylvania,Cresco,Tourist Home,1,1950,
Pennsylvania,Darby,Tavern,1,1950,
Pennsylvania,Eerie,Hotel,1,1950,
Pennsylvania,Gettyburg,Tourist Home,1,1950,
Pennsylvania,Philadelphia,Hotel,1,1950,Germantown
Pennsylvania,Philadelphia,Tourist Home,1,1950,Germantown
Pennsylvania,Philadelphia,Tavern,1,1950,Germantown
Pennsylvania,Harrisburg,Hotel,2,1950,
Pennsylvania,Harrisburg,Tourist Home,3,1950,
Pennsylvania,Harrisburg,Beauty Parlor,1,1950,
Pennsylvania,Harrisburg,Barber Shop,1,1950,
Pennsylvania,Harrisburg,Service Station,1,1950,
Pennsylvania,Lancaster,Tourist Home,3,1950,"Listed under Beauty Parlor, but same addresses that have been Tourist Homes the 1947 and before."
Pennsylvania,New Castle,Hotel,1,1950,
Pennsylvania,Oil City,Tourist Home,2,1950,
Pennsylvania,Philadelphia,Hotel,25,1950,
Pennsylvania,Philadelphia,Restaurant,9,1950,
Pennsylvania,Philadelphia,Beauty Parlor,10,1950,
Pennsylvania,Philadelphia,School of Beauty Culture,1,1950,
Pennsylvania,Philadelphia,Barber Shop,1,1950,
Pennsylvania,Philadelphia,Tavern,27,1950,
Pennsylvania,Philadelphia,Night Club,7,1950,
Pennsylvania,Philadelphia,Garage,3,1950,
Pennsylvania,Philadelphia,Service Station,2,1950,
Pennsylvania,Philadelphia,Drug Store,2,1950,
Pennsylvania,Pittsburgh,Hotel,5,1950,
Pennsylvania,Pittsburgh,Tourist Home,3,1950,
Pennsylvania,Pittsburgh,Restaurant,2,1950,
Pennsylvania,Reading,Tourist Home,1,1950,
Pennsylvania,Scranton,Tourist Home,2,1950,
Pennsylvania,Sharon Hill,Tavern,1,1950,
Pennsylvania,Washington,Tourist Home,1,1950,
Pennsylvania,Washington,Restaurant,2,1950,
Pennsylvania,Washington,Barber Shop,1,1950,
Pennsylvania,Washington,Night Club,1,1950,
Pennsylvania,Wayne,Night Club,1,1950,
Pennsylvania,Williamsport,Tourist Home,1,1950,
Pennsylvania,Wilkes Barre,Hotel,1,1950,
Pennsylvania,York,Tourist Home,1,1950,
Rhode Island,Newport,Tourist Home,2,1950,
Rhode Island,Providence,Hotel,1,1950,
Rhode Island,Providence,Tourist Home,1,1950,
Rhode Island,Providence,Tavern,1,1950,
Rhode Island,Providence,Beauty Parlor,2,1950,
Rhode Island,Providence,Automotive,1,1950,
South Carolina,Anderson,Restaurant,1,1950,
South Carolina,Anderson,Tourist Home,1,1950,
South Carolina,Aiken,Tourist Home,1,1950,
South Carolina,Aiken,Drug Store,1,1950,
South Carolina,Atlantic Beach,Hotel,1,1950,
South Carolina,Beaufort,Service Station,1,1950,
South Carolina,Charleston,Tourist Home,4,1950,
South Carolina,Charleston,Tavern,1,1950,
South Carolina,Cola,Beauty Parlor,1,1950,
South Carolina,Columbia,Hotel,3,1950,
South Carolina,Columbia,Tourist Home,6,1950,
South Carolina,Columbia,Restaurant,9,1950,
South Carolina,Columbia,Beauty Parlor,3,1950,
South Carolina,Columbia,Barber Shop,2,1950,
South Carolina,Columbia,School of Beauty Culture,2,1950,
South Carolina,Columbia,Tavern,4,1950,
South Carolina,Columbia,Night Club,1,1950,
South Carolina,Columbia,Service Station,4,1950,
South Carolina,Columbia,Taxi Cab,1,1950,
South Carolina,Columbia,Drug Store,1,1950,
South Carolina,Cheraw,Tourist Home,2,1950,
South Carolina,Cheraw,Restaurant,3,1950,
South Carolina,Cheraw,Tavern,1,1950,
South Carolina,Cheraw,Road House,1,1950,
South Carolina,Cheraw,Barber Shop,1,1950,
South Carolina,Cheraw,Beauty Parlor,1,1950,
South Carolina,Cheraw,Service Station,1,1950,
South Carolina,Cross Hill,Restaurant,1,1950,
South Carolina,Florence,Tourist Home,2,1950,
South Carolina,Florence,Restaurant,1,1950,
South Carolina,Georgetown,Tourist Home,5,1950,
South Carolina,Greenville,Hotel,1,1950,
South Carolina,Greenville,Tourist Home,2,1950,
South Carolina,Greenville,Restaurant,1,1950,
South Carolina,Greenville,Beauty Parlor,2,1950,
South Carolina,Greenville,Barber Shop,1,1950,
South Carolina,Greenville,Garage,1,1950,
South Carolina,Greenville,Drug Store,1,1950,
South Carolina,Mullins,Hotel,2,1950,
South Carolina,Mullins,Tourist Home,1,1950,
South Carolina,Mullins,Restaurant,1,1950,
South Carolina,Mullins,Barber Shop,1,1950,
South Carolina,Mullins,Night Club,1,1950,
South Carolina,Mullins,Road House,1,1950,
South Carolina,Mullins,Service Station,1,1950,
South Carolina,Myrtle Beach,Motor Court,1,1950,
South Carolina,Orangeburg,Drug Store,1,1950,
South Carolina,Spartanburg,Tourist Home,2,1950,
South Carolina,Spartanburg,Restaurant,2,1950,
South Carolina,Spartanburg,Beauty Parlor,1,1950,
South Carolina,Spartanburg,Barber Shop,1,1950,
South Carolina,Spartanburg,Tavern,2,1950,
South Carolina,Spartanburg,Night Club,1,1950,
South Carolina,Spartanburg,Service Station,3,1950,
South Carolina,Spartanburg,Taxi Cab,1,1950,
South Carolina,Rock Hill,School of Beauty Culture,1,1950,
South Carolina,Sumter,Tourist Home,4,1950,
South Carolina,Sumter,Tavern,1,1950,
South Carolina,Sumter,Service Station,1,1950,
South Carolina,Sumter,Drug Store,1,1950,
South Dakota,Aberdeen,Hotel,1,1950,
South Dakota,Aberdeen,Restaurant,1,1950,
South Dakota,Aberdeen,Beauty Parlor,1,1950,
South Dakota,Aberdeen,Barber Shop,1,1950,
South Dakota,Aberdeen,Service Station,1,1950,
South Dakota,Aberdeen,Garage,2,1950,
South Dakota,Sioux Falls,Tourist Home,2,1950,
Tennessee,Bristol,Tourist Home,1,1950,
Tennessee,Chattanooga,Hotel,4,1950,
Tennessee,Chattanooga,Tourist Home,4,1950,
Tennessee,Chattanooga,Restaurant,5,1950,
Tennessee,Chattanooga,Liquor Store,5,1950,
Tennessee,Chattanooga,Service Station,1,1950,
Tennessee,Chattanooga,Drug Store,2,1950,
Tennessee,Chattanooga,Garage,1,1950,
Tennessee,Chattanooga,Taxi Cab,1,1950,
Tennessee,Clarksville,Restaurant,1,1950,
Tennessee,Clarksville,Tourist Home,2,1950,
Tennessee,Clarksville,Barber Shop,1,1950,
Tennessee,Clarksville,Beauty Parlor,1,1950,
Tennessee,Knoxville,Hotel,2,1950,
Tennessee,Knoxville,Tourist Home,2,1950,
Tennessee,Lexington,Tourist Home,1,1950,
Tennessee,Memphis,Hotel,3,1950,
Tennessee,Memphis,Restaurant,3,1950,
Tennessee,Memphis,Beauty Parlor,1,1950,
Tennessee,Memphis,School of Beauty Culture,3,1950,
Tennessee,Memphis,Tailor,1,1950,
Tennessee,Memphis,Drug Store,2,1950,
Tennessee,Murfreesboro,Tourist Home,2,1950,
Tennessee,Nashville,Hotel,7,1950,
Tennessee,Nashville,Beauty Parlor,3,1950,
Tennessee,Nashville,School of Beauty Culture,1,1950,
Tennessee,Nashville,Restaurant,4,1950,
Tennessee,Nashville,Tailor,1,1950,
Tennessee,Nashville,Barber Shop,1,1950,
Texas,Abilene,Tavern,1,1950,
Texas,Amarillo,Hotel,3,1950,
Texas,Amarillo,Restaurant,2,1950,
Texas,Amarillo,Barber Shop,1,1950,
Texas,Amarillo,Beauty Parlor,2,1950,
Texas,Amarillo,Road House,1,1950,
Texas,Amarillo,Tavern,3,1950,
Texas,Amarillo,Service Station,1,1950,
Texas,Amarillo,Garage,1,1950,
Texas,Amarillo,Tailor,1,1950,
Texas,Amarillo,Recreation Club,2,1950,
Texas,Amarillo,Drug Store,3,1950,
Texas,Atlanta,Tourist Home,1,1950,
Texas,Austin,Tourist Home,4,1950,
Texas,Beaumont,Tourist Home,1,1950,
Texas,Beaumont,Restaurant,1,1950,
Texas,Corpus Christie,Tourist Home,1,1950,
Texas,Corpus Christie,Restaurant,8,1950,
Texas,Corpus Christie,Beauty Parlor,5,1950,
Texas,Corpus Christie,Barber Shop,2,1950,
Texas,Corpus Christie,Night Club,2,1950,
Texas,Corpus Christie,Liquor Store,2,1950,
Texas,Corpus Christie,Garage,1,1950,
Texas,Corpus Christie,Tailor,2,1950,
Texas,Corsicana,Tourist Home,1,1950,
Texas,Corsicana,Restaurant,1,1950,
Texas,Corsicana,Barber Shop,1,1950,
Texas,Dallas,Hotel,7,1950,
Texas,Dallas,Restaurant,3,1950,
Texas,Dallas,Beauty Parlor,1,1950,
Texas,Dallas,Barber Shop,1,1950,
Texas,Dallas,Tavern,1,1950,
Texas,Dallas,Drug Store,1,1950,
Texas,El Paso,Hotel,4,1950,
Texas,El Paso,Tourist Home,5,1950,
Texas,El Paso,Tavern,1,1950,
Texas,El Paso,Drug Store,1,1950,
Texas,Fort Worth,Hotel,2,1950,
Texas,Fort Worth,Tourist Home,1,1950,
Texas,Fort Worth,Restaurant,2,1950,
Texas,Fort Worth,Beauty Parlor,1,1950,
Texas,Fort Worth,Service Station,1,1950,
Texas,Galveston,Hotel,2,1950,
Texas,Galveston,Restaurant,1,1950,
Texas,Galveston,Tourist Home,2,1950,
Texas,Galveston,Tavern,1,1950,
Texas,Galveston,Night Club,1,1950,
Texas,Galveston,Barber Shop,1,1950,
Texas,Galveston,Garage,1,1950,
Texas,Henderson,Restaurant,1,1950,
Texas,Henderson,Barber Shop,1,1950,
Texas,Henderson,Service Station,1,1950,
Texas,Henderson,Garage,1,1950,
Texas,Hitchcock,Restaurant,1,1950,
Texas,Hitchcock,Barber Shop,1,1950,
Texas,Hitchcock,Beauty Parlor,1,1950,
Texas,Hitchcock,Service Station,1,1950,
Texas,Hitchcock,Road House,1,1950,
Texas,Houston,Hotel,4,1950,
Texas,Houston,Restaurant,1,1950,
Texas,Houston,Beauty Parlor,6,1950,
Texas,Houston,Barber Shop,4,1950,
Texas,Houston,Tavern,2,1950,
Texas,Houston,Night Club,4,1950,
Texas,Houston,Service Station,1,1950,
Texas,Houston,Garage,1,1950,
Texas,Houston,Drug Store,5,1950,
Texas,Marshall,Tourist Home,1,1950,
Texas,Marshall,Restaurant,1,1950,
Texas,Marshall,Tavern,1,1950,
Texas,Marshall,Night Club,1,1950,
Texas,Marshall,Barber Shop,1,1950,
Texas,Marshall,Service Station,1,1950,
Texas,Mexia,Hotel,1,1950,
Texas,Mexia,Restaurant,1,1950,
Texas,Mexia,Beauty Parlor,1,1950,
Texas,Mexia,Barber Shop,1,1950,
Texas,Mexia,Tavern,1,1950,
Texas,Mexia,Night Club,1,1950,
Texas,Mexia,Road House,1,1950,
Texas,Mexia,Service Station,1,1950,
Texas,Mexia,Garage,1,1950,
Texas,Midland,Hotel,1,1950,
Texas,Midland,Restaurant,1,1950,
Texas,Midland,Beauty Parlor,1,1950,
Texas,Midland,Service Station,1,1950,
Texas,Midland,Taxi Cab,1,1950,
Texas,Paris,Hotel,1,1950,
Texas,Paris,Tourist Home,2,1950,
Texas,Port Arthur,Restaurant,2,1950,
Texas,Port Arthur,Barber Shop,1,1950,
Texas,Port Arthur,Liquor Store,2,1950,
Texas,San Antonio,Hotel,2,1950,
Texas,San Antonio,Tourist Home,2,1950,
Texas,San Antonio,Restaurant,7,1950,
Texas,San Antonio,Beauty Parlor,13,1950,
Texas,San Antonio,Barber Shop,1,1950,
Texas,San Antonio,Night Club,2,1950,
Texas,San Antonio,Liquor Store,1,1950,
Texas,San Antonio,Dry Cleaning,3,1950,
Texas,San Antonio,Service Station,2,1950,
Texas,San Antonio,Garage,1,1950,
Texas,San Antonio,Drug Store,1,1950,
Texas,Tyler ,Tourist Home,2,1950,
Texas,Texarkana,Motel,1,1950,
Texas,Texarkana,Restaurant,1,1950,
Texas,Texarkana,Tavern,1,1950,
Texas,Texarkana,Garage,1,1950,
Texas,Waco,Tourist Home,1,1950,
Texas,Waco,Beauty Parlor,9,1950,
Texas,Waco,Restaurant,2,1950,
Texas,Waco,Night Club,1,1950,
Texas,Waco,Road House,1,1950,
Texas,Waco,Tavern,1,1950,
Texas,Waco,Service Station,1,1950,
Texas,Waxahachie,Tourist Home,4,1950,
Texas,Wichita Falls,Hotel,1,1950,
Texas,Wichita Falls,Tourist Home,2,1950,
Utah,Salt Lake City,Hotel,4,1950,
Vermont,Burlington,Hotel,1,1950,
Vermont,Burlington,Tourist Home,2,1950,
Vermont,Manchester,Hotel,1,1950,
Vermont,Northfield,Tourist Home,1,1950,
Vermont,Rutland,Tourist Home,1,1950,
Virginia,Alexandria,Tourist Home,2,1950,
Virginia,Bedford,Tourist Home,1,1950,
Virginia,Buckroe Beach,Hotel,1,1950,
Virginia,Buckroe Beach,Night Club,1,1950,
Virginia,Caret,Tavern,1,1950,
Virginia,Charlottesville,Hotel,1,1950,
Virginia,Charlottesville,Tourist Home,3,1950,
Virginia,Charlottesville,Beauty Parlor,1,1950,
Virginia,Charlottesville,Barber Shop,1,1950,
Virginia,Christianburg,Hotel,1,1950,
Virginia,Danville,Tourist Home,4,1950,
Virginia,Dunbarton,Tourist Home,1,1950,
Virginia,Farmville,Tourist Home,1,1950,
Virginia,Farmville,Restaurant,1,1950,
Virginia,Farmville,Tavern,1,1950,
Virginia,Farmville,Service Station,1,1950,
Virginia,Fredericksburg,Hotel,2,1950,
Virginia,Fredericksburg,Restaurant,1,1950,
Virginia,Hampton,Restaurant,2,1950,
Virginia,Hampton,Barber Shop,1,1950,
Virginia,Hampton,Beauty Parlor,1,1950,
Virginia,Hampton,Service Station,1,1950,
Virginia,Hampton,Garage,1,1950,
Virginia,Hampton,Taxi Cab,1,1950,
Virginia,Harrisonburg,Restaurant,1,1950,
Virginia,Hewlett,Tavern,1,1950,
Virginia,Lexington,Tourist Home,1,1950,
Virginia,Lexington,Restaurant,1,1950,
Virginia,Lexington,Tavern,1,1950,
Virginia,Luray,Tourist Home,1,1950,
Virginia,Lynchburg,Hotel,1,1950,
Virginia,Lynchburg,Tourist Home,4,1950,
Virginia,Lynchburg,Beauty Parlor,1,1950,
Virginia,Newport News,Hotel,1,1950,
Virginia,Newport News,Tourist Home,4,1950,
Virginia,Newport News,Restaurant,4,1950,
Virginia,Newport News,Beauty Parlor,1,1950,
Virginia,Newport News,Service Station,1,1950,
Virginia,Newport News,Barber Shop,2,1950,
Virginia,Newport News,Tailor,1,1950,
Virginia,Newport News,Drug Store,1,1950,
Virginia,Norfolk,Hotel,4,1950,
Virginia,Norfolk,Tourist Home,1,1950,
Virginia,Norfolk,Restaurant,2,1950,
Virginia,Norfolk,Beauty Parlor,5,1950,
Virginia,Norfolk,Drug Store,2,1950,
Virginia,Norfolk,Tavern,1,1950,
Virginia,Norfolk,Service Station,2,1950,
Virginia,Petersburg,Hotel,2,1950,
Virginia,Petersburg,Tourist Home,1,1950,
Virginia,Petersburg,Night Club,1,1950,
Virginia,Phoebus,Hotel,1,1950,
Virginia,Phoebus,Restaurant,2,1950,
Virginia,Phoebus,Drug Store,1,1950,
Virginia,Phoebus,Tailor,1,1950,
Virginia,Phoebus,Service Station,1,1950,
Virginia,Richmond,Hotel,2,1950,
Virginia,Richmond,Tourist Home,3,1950,
Virginia,Richmond,Beauty Parlor,1,1950,
Virginia,Richmond,Barber Shop,1,1950,
Virginia,Richmond,Tavern,1,1950,
Virginia,Richmond,Night Club,1,1950,
Virginia,Richmond,Service Station,4,1950,
Virginia,Roanoke,Hotel,1,1950,
Virginia,Roanoke,Tourist Home,2,1950,
Virginia,Roanoke,Drug Store,1,1950,
Virginia,Roanoke,Night Club,1,1950,
Virginia,Roanoke,Tavern,2,1950,
Virginia,Roanoke,Garage,1,1950,
Virginia,Salem,Tourist Home,1,1950,
Virginia,South Hill,Hotel,2,1950,
Virginia,Staunton,Tourist Home,2,1950,
Virginia,Staunton,Restaurant,1,1950,
Virginia,Suffolk,Beauty Parlor,1,1950,
Virginia,Tappahannock,Hotel,2,1950,
Virginia,Tappahannock,Tourist Home,1,1950,
Virginia,Warrenton,Restaurant,2,1950,
Virginia,Warrenton,Tourist Home,1,1950,
Virginia,Warrenton,Barber Shop,1,1950,
Virginia,Warrenton,Beauty Parlor,2,1950,
Virginia,Warrenton,Taxi Cab,3,1950,
Virginia,Warrenton,Tailor,1,1950,
Virginia,Williamsburg,Hotel,1,1950,
Virginia,Winchester,Hotel,1,1950,
Virginia,Winchester,Tourist Home,1,1950,
Virginia,Winchester,Restaurant,1,1950,
Washington,Everett,Tourist Home,3,1950,
Washington,Seattle,Hotel,8,1950,
Washington,Seattle,Restaurant,8,1950,
Washington,Seattle,Barber Shop,4,1950,
Washington,Seattle,Beauty Parlor,7,1950,
Washington,Seattle,School of Beauty Culture,1,1950,
Washington,Seattle,Night Club,2,1950,
Washington,Seattle,Liquor Store,1,1950,
Washington,Seattle,Tavern,8,1950,
Washington,Seattle,Service Station,3,1950,
Washington,Seattle,Garage,1,1950,
Washington,Seattle,Drug Store,7,1950,
Washington,Seattle,Tailor,1,1950,
Washington,Seattle,Letter Shop,1,1950,
Washington,Tacoma,Hotel,1,1950,
Washington,Tacoma,Beauty Parlor,1,1950,
Washington,Tacoma,Restaurant,1,1950,
Washington,Tacoma,Tourist Home,2,1950,
West Virginia,Beckley,Hotel,1,1950,
West Virginia,Beckley,Beauty Parlor,2,1950,
West Virginia,Beckley,Barber Shop,2,1950,
West Virginia,Beckley,Restaurant,1,1950,
West Virginia,Beckley,Garage,1,1950,
West Virginia,Beckley,Drug Store,1,1950,
West Virginia,Beckley,Taxi Cab,1,1950,
West Virginia,Beckley,Letter Shop,1,1950,
West Virginia,Bluefield,Hotel,2,1950,
West Virginia,Bluefield,Drug Store,1,1950,
West Virginia,Charleston,Hotel,3,1950,
West Virginia,Charleston,Tourist Home,1,1950,
West Virginia,Charleston,Restaurant,2,1950,
West Virginia,Charleston,Service Station,2,1950,
West Virginia,Charleston,Taxi Cab,1,1950,Ad
West Virginia,Clarksburg,Restaurant,1,1950,
West Virginia,Clarksburg,Tourist Home,1,1950,â€œLodgingâ€
West Virginia,Clarksburg,Night Club,3,1950,
West Virginia,Clarksburg,Tavern,1,1950,
West Virginia,Fairmont,Restaurant,1,1950,
West Virginia,Fairmont,School of Beauty Culture,1,1950,
West Virginia,Fairmont,Hotel,1,1950,
West Virginia,Grafton,Tavern,1,1950,
West Virginia,Grafton,Restaurant,1,1950,
West Virginia,Grafton,Tourist Home,1,1950,â€œLodgingâ€
West Virginia,Huntington,Hotel,1,1950,
West Virginia,Huntington,Tourist Home,1,1950,â€œLodgingâ€
West Virginia,Huntington,Restaurant,2,1950,
West Virginia,Huntington,Beauty Parlor,1,1950,
West Virginia,Huntington,Tavern,2,1950,
West Virginia,Huntington,Night Club,1,1950,
West Virginia,Huntington,Tailor,1,1950,
West Virginia,Huntington,Record Shop,1,1950,
West Virginia,Huntington,Taxi Cab,1,1950,
West Virginia,Huntington,Service Station,1,1950,
West Virginia,Huntington,Garage,1,1950,
West Virginia,Hinton,Tourist Home,1,1950,
West Virginia,Institute,Service Station,2,1950,
West Virginia,Keystone,Motel,1,1950,
West Virginia,Keystone,Drug Store,1,1950,
West Virginia,Montgomery,Hotel,1,1950,
West Virginia,Montgomery,Tavern,1,1950,
West Virginia,Montgomery,Beauty Parlor,1,1950,
West Virginia,Montgomery,Taxi Cab,1,1950,
West Virginia,Morgantown,Restaurant,1,1950,
West Virginia,Morgantown,Night Club,1,1950,
West Virginia,Morgantown,Tourist Home,3,1950,
West Virginia,Moundsville,Tourist Home,1,1950,
West Virginia,Parkersburg,Night Club,1,1950,
West Virginia,East Rainelle,Restaurant,1,1950,
West Virginia,Weirton,Tourist Home,1,1950,â€œLodgingâ€
West Virginia,Welch,Hotel,1,1950,
West Virginia,Williamson,Tourist Cabins,1,1950,
West Virginia,Williamson,Drug Store,1,1950,
West Virginia,Williamson,Night Club,1,1950,
West Virginia,Williamson,Tailor,1,1950,
West Virginia,Wheeling,Tourist Home,2,1950,â€œLodgingâ€
West Virginia,Wheeling,Restaurant,1,1950,
West Virginia,Wheeling,Beauty Parlor,2,1950,
West Virginia,Wheeling,Night Club,2,1950,
West Virginia,Wheeling,Drug Store,1,1950,
West Virginia,White Sulphur Springs,Tourist Home,3,1950,
Wisconsin,Fond Du Lac,Tourist Home,2,1950,
Wisconsin,Oshkosh,Tourist Home,1,1950,
Wyoming,Casper,Tourist Home,3,1950,
Wyoming,Cheyenne,Hotel,1,1950,
Wyoming,Cheyenne,Tourist Home,1,1950,
Wyoming,Rawling,Restaurant,1,1950,
Wyoming,Rawling,Tourist Home,1,1950,
Wyoming,Rock Springs,Tourist Home,1,1950,
Alaska,Fairbanks,Hotel,1,1950,
Bermuda,St.Georges,Tourist Home,1,1950,
Bermuda,St.Georges,Liquor Store,1,1950,
Bermuda,St.Georges,Bicycles,1,1950,
Bermuda,Hamilton,Restaurant,1,1950,
Mexico,Monterrey,Hotel,1,1950,
Mexico,Monterrey,Restaurant,1,1950,
Mexico,Jacala,Tourist Home,1,1950,
Mexico,Tamazunchale,Tourist Home,1,1950,
Mexico,Ixquimilipan,Tourist Home,1,1950,
Mexico,Cuernavaca,Tourist Home,1,1950,
Mexico,Mexico City,Hotel,1,1950,
Mexico,Mexico City,Night Club,1,1950,
Canada,Montreal,Hotel,1,1950,
Canada,Montreal,Tourist Home,2,1950,
